timestamp,type,message
2026-02-15 15:22:50 +08,feat,add error handling
2026-02-15 15:48:25 +08,feat,add API documentation
2026-02-16 06:25:07 +08,fix,fix performance issue
2026-02-16 23:40:58 +08,fix,fix bug
2026-02-18 01:03:44 +08,fix,fix test failure
2026-02-18 23:52:39 +08,feat,add error handling
2026-02-19 06:33:52 +08,fix,fix UI glitch
2026-02-19 07:31:52 +08,fix,fix build error
2026-02-19 14:30:55 +08,feat,add UI components
2026-02-19 15:01:55 +08,fix,fix build error
2026-02-19 22:36:43 +08,fix,fix test failure
2026-02-20 04:34:07 +08,chore,enhance performance
2026-02-20 13:53:52 +08,chore,improve error messages
2026-02-22 07:25:02 +08,chore,optimize
2026-02-22 20:13:48 +08,fix,fix test failure
2026-02-22 23:26:17 +08,chore,update dependencies
2026-02-24 00:48:35 +08,fix,fix performance issue
2026-02-24 01:31:54 +08,chore,improve error messages
2026-02-24 17:13:34 +08,fix,fix performance issue
2026-02-24 17:53:21 +08,fix,fix build error
2026-02-24 22:50:24 +08,chore,reorganize
2026-02-25 19:40:18 +08,feat,add form validation
2026-02-25 21:05:54 +08,feat,add API documentation
2026-02-26 19:20:16 +08,fix,fix broken link
2026-02-27 00:50:44 +08,fix,fix race condition
2026-02-27 21:51:08 +08,feat,add caching layer
